Loss,Temp,Iter
171317680,800,0
173000320,799.280029,1
174612016,798.56073,2
176248400,797.842041,3
177683504,797.124023,4
178988080,796.406616,5
180302736,795.68988,6
181630384,794.973755,7
182824880,794.258301,8
183922736,793.543518,9
184946256,792.829346,10
185983760,792.115845,11
186936528,791.402954,12
187772592,790.690735,13
188605904,789.979126,14
189308592,789.268188,15
189970928,788.557861,16
190565808,787.848206,17
191141712,787.13916,18
191637840,786.430786,19
192130576,785.723022,20
192500432,785.015869,21
192898640,784.309387,22
193255536,783.603516,23
193567312,782.898315,24
193796176,782.193726,25
193969168,781.489746,26
194125808,780.786438,27
194312176,780.08374,28
194428592,779.381714,29
194605776,778.680298,30
194646768,777.979492,31
194684336,777.279358,32
194698288,776.579834,33
194717136,775.88092,34
194700336,775.182678,35
194650096,774.485046,36
194485104,773.788025,37
194357488,773.091614,38
194251792,772.395874,39
194130224,771.700745,40
193978160,771.006226,41
193781552,770.312317,42
193593072,769.61908,43
193359952,768.926453,44
193091152,768.234436,45
192790960,767.54303,46
192490864,766.852234,47
192209392,766.162109,48
191997984,765.472595,49
191684528,764.783691,50
191353744,764.095398,51
191010880,763.407715,52
190680944,762.720642,53
190366960,762.034241,54
190039152,761.34845,55
189710928,760.663269,56
189339216,759.978699,57
188999456,759.294739,58
188577056,758.611389,59
188188032,757.92865,60
187827808,757.246521,61
187387200,756.565002,62
186981552,755.884094,63
186530320,755.203796,64
186132976,754.524109,65
185694704,753.845032,66
185274480,753.166565,67
184830720,752.488708,68
184363952,751.811462,69
183936976,751.134827,70
183477344,750.458801,71
183036064,749.783386,72
182582512,749.108582,73
182093344,748.434387,74
181635040,747.760803,75
181114656,747.08783,76
180646688,746.415466,77
180165632,745.743713,78
179683296,745.072571,79
179206624,744.402039,80
178733200,743.732117,81
178234992,743.062805,82
177774192,742.394043,83
177276976,741.725891,84
176773552,741.05835,85
176274912,740.391418,86
175742256,739.725098,87
175212528,739.059387,88
174686960,738.394226,89
174178112,737.729675,90
173651776,737.065735,91
173129760,736.402405,92
172591584,735.739685,93
172104320,735.077515,94
171575808,734.415955,95
171042432,733.755005,96
170491648,733.094666,97
169947920,732.434875,98
169415152,731.775696,99
168888064,731.117126,100
168338336,730.459167,101
167810272,729.801758,102
167300128,729.144958,103
166772768,728.48877,104
166265968,727.83313,105
165732752,727.178101,106
165200640,726.523682,107
164632224,725.869812,108
164093984,725.216553,109
163570976,724.563904,110
163026752,723.911804,111
162459888,723.260315,112
161924336,722.609375,113
161396736,721.959045,114
160855312,721.309326,115
160306288,720.660156,116
159744912,720.011597,117
159198192,719.363586,118
158656688,718.716187,119
158121392,718.069336,120
157567632,717.423096,121
157037200,716.777466,122
156497584,716.132385,123
155977584,715.487915,124
155441360,714.843994,125
154924368,714.200684,126
154401568,713.557922,127
153873264,712.915771,128
153342160,712.27417,129
152803440,711.633118,130
152275744,710.992676,131
151744368,710.352783,132
151211072,709.713501,133
150673888,709.074768,134
150154928,708.436646,135
149625552,707.799072,136
149118240,707.162048,137
148591040,706.525635,138
148065392,705.889771,139
147548080,705.254517,140
147013776,704.619812,141
146471648,703.985657,142
145943376,703.352112,143
145437344,702.719116,144
144920432,702.08667,145
144404064,701.454834,146
143897248,700.823547,147
143375920,700.19281,148
142864416,699.562683,149
142358640,698.933105,150
141843424,698.304077,151
141343808,697.675598,152
140828048,697.047729,153
140310960,696.42041,154
139801312,695.79364,155
139296400,695.167419,156
138789408,694.541809,157
138283840,693.916748,158
137787792,693.292236,159
137283760,692.668274,160
136777120,692.044922,161
136303824,691.422119,162
135814192,690.799866,163
135299920,690.178162,164
134810240,689.557007,165
134325824,688.936401,166
133831264,688.316406,167
133350096,687.69696,168
132881032,687.078064,169
132405560,686.459717,170
131920936,685.841919,171
131426616,685.22467,172
130943152,684.607971,173
130484080,683.991821,174
129990696,683.376221,175
129514168,682.76123,176
129017288,682.14679,177
128543080,681.532898,178
128069080,680.919556,179
127586128,680.306763,180
127119672,679.694519,181
126650912,679.082825,182
126205712,678.47168,183
125753136,677.861084,184
125279344,677.251038,185
124814624,676.641541,186
124356304,676.032593,187
123887048,675.424194,188
123433928,674.816345,189
122968456,674.209045,190
122520824,673.602295,191
122078232,672.996094,192
121627872,672.390442,193
121176928,671.785339,194
120728112,671.180725,195
120277952,670.57666,196
119840176,669.973145,197
119402312,669.370178,198
118966728,668.767761,199
118525160,668.165894,200
118086192,667.564575,201
117655616,666.963806,202
117227664,666.363586,203
116793144,665.763855,204
116366848,665.164673,205
115935968,664.56604,206
115501888,663.967957,207
115073040,663.370422,208
114648896,662.773438,209
114217344,662.176941,210
113793064,661.580994,211
113355320,660.985596,212
112925720,660.390747,213
112507536,659.796387,214
112086184,659.202576,215
111681928,658.609314,216
111263000,658.016602,217
110851184,657.424377,218
110445704,656.832703,219
110041408,656.241577,220
109627296,655.651001,221
109228424,655.060913,222
108829016,654.471375,223
108432152,653.882385,224
108039480,653.293884,225
107638496,652.705933,226
107245528,652.11853,227
106843128,651.531616,228
106429464,650.945251,229
106031912,650.359436,230
105640488,649.774109,231
105243176,649.189331,232
104863320,648.605103,233
104475416,648.021362,234
104073416,647.438171,235
103691752,646.855469,236
103313520,646.273315,237
102929656,645.691711,238
102546808,645.110596,239
102170472,644.530029,240
101774328,643.949951,241
101391912,643.370422,242
101021656,642.791382,243
100638984,642.212891,244
100261672,641.634888,245
99882264,641.057434,246
99507256,640.48053,247
99141088,639.904114,248
98763088,639.328247,249
98394264,638.752869,250
98027136,638.17804,251
97650808,637.603699,252
97288888,637.029846,253
96935624,636.456543,254
96579288,635.883728,255
96226760,635.311462,256
95873968,634.739685,257
95516408,634.168457,258
95163120,633.597717,259
94799296,633.027527,260
94451984,632.457825,261
94091288,631.888611,262
93756824,631.319946,263
93411072,630.75177,264
93055048,630.184082,265
92707384,629.616943,266
92363728,629.050293,267
92022408,628.484192,268
91670920,627.918579,269
91333288,627.353455,270
90995480,626.788879,271
90641888,626.224792,272
90304088,625.661194,273
89959584,625.098145,274
89621168,624.535583,275
89280008,623.973511,276
88951000,623.411926,277
88600160,622.850891,278
88278584,622.290344,279
87942368,621.730286,280
87611400,621.170776,281
87278888,620.611755,282
86946248,620.053223,283
86622472,619.495178,284
86298248,618.937622,285
85978096,618.380615,286
85656560,617.824097,287
85336400,617.268066,288
85027424,616.712524,289
84713600,616.157532,290
84403368,615.603027,291
84085872,615.049011,292
83772056,614.495483,293
83452960,613.942444,294
83142088,613.389893,295
82837688,612.83783,296
82530632,612.286316,297
82225680,611.735291,298
81909528,611.184753,299
81602392,610.634705,300
81290120,610.085144,301
80977424,609.536072,302
80672088,608.987488,303
80371464,608.439392,304
80070352,607.891785,305
79777432,607.344727,306
79487152,606.798157,307
79192496,606.252075,308
78896240,605.706482,309
78609744,605.161377,310
78317312,604.61676,311
78024744,604.072632,312
77733992,603.528992,313
77446416,602.98584,314
77157856,602.443176,315
76868640,601.901001,316
76583984,601.359314,317
76290000,600.818115,318
76001328,600.277405,319
75713696,599.737183,320
75440592,599.197449,321
75153168,598.658203,322
74873984,598.119446,323
74600704,597.581177,324
74322048,597.043396,325
74039808,596.506104,326
73763224,595.969238,327
73483904,595.432861,328
73207200,594.896973,329
72936696,594.361572,330
72663016,593.82666,331
72392120,593.292236,332
72127784,592.758301,333
71846168,592.224854,334
71579304,591.691895,335
71315768,591.159363,336
71050952,590.627319,337
70790040,590.095764,338
70526680,589.564697,339
70261688,589.034119,340
70000248,588.504028,341
69737896,587.974365,342
69477968,587.44519,343
69216432,586.916504,344
68954288,586.388306,345
68701928,585.860596,346
68447424,585.333313,347
68199680,584.806519,348
67946560,584.280212,349
67690384,583.754395,350
67428096,583.229004,351
67178424,582.704102,352
66941600,582.179688,353
66689500,581.655762,354
66433388,581.132263,355
66187748,580.609253,356
65942836,580.086731,357
65700164,579.564697,358
65453940,579.043091,359
65216816,578.521973,360
64978024,578.001343,361
64742272,577.48114,362
64496128,576.961426,363
64252960,576.4422,364
64012376,575.923401,365
63771800,575.40509,366
63539088,574.887268,367
63300768,574.369873,368
63056576,573.852966,369
62820056,573.336487,370
62584624,572.820496,371
62350968,572.304993,372
62116136,571.789917,373
61885580,571.27533,374
61652268,570.761169,375
61426588,570.247498,376
61199228,569.734314,377
60971876,569.221558,378
60741908,568.70929,379
60516556,568.197449,380
60290588,567.686096,381
60068188,567.175171,382
59844620,566.664734,383
59620500,566.154724,384
59395804,565.645203,385
59171396,565.136108,386
58956900,564.627502,387
58734828,564.119385,388
58514736,563.611694,389
58299980,563.104431,390
58081752,562.597656,391
57865108,562.091309,392
57649904,561.585449,393
57434168,561.080017,394
57216320,560.575073,395
57001232,560.070557,396
56787304,559.566528,397
56574416,559.062927,398
56358816,558.559814,399
56143824,558.057129,400
55929632,557.554871,401
55718728,557.053101,402
55512964,556.551758,403
55302788,556.050903,404
55096772,555.550476,405
54888148,555.050476,406
54678804,554.550964,407
54479228,554.05188,408
54271564,553.553223,409
54071612,553.055054,410
53868932,552.557312,411
53667684,552.059998,412
53474460,551.563171,413
53278780,551.066772,414
53086952,550.570801,415
52890036,550.075317,416
52691508,549.580261,417
52495760,549.085632,418
52301804,548.591492,419
52107668,548.097778,420
51912264,547.604492,421
51727004,547.111694,422
51533588,546.619324,423
51339008,546.12738,424
51149624,545.635864,425
50964152,545.144836,426
50773192,544.654236,427
50581428,544.164062,428
50393164,543.674316,429
50208468,543.184998,430
50017240,542.696167,431
49836672,542.207764,432
49655196,541.719788,433
49479704,541.232239,434
49297160,540.745117,435
49117372,540.258484,436
48940284,539.772278,437
48761312,539.286499,438
48583276,538.801147,439
48402692,538.316223,440
48224464,537.831726,441
48040708,537.347717,442
47863356,536.864136,443
47682332,536.380981,444
47509716,535.898254,445
47333564,535.415955,446
47156484,534.934082,447
46987092,534.452637,448
46809644,533.971619,449
46639572,533.491089,450
46467756,533.010986,451
46297668,532.531311,452
46123724,532.052063,453
45961988,531.573242,454
45787324,531.094849,455
45617352,530.616882,456
45444952,530.139343,457
45278552,529.662231,458
45111564,529.185547,459
44941916,528.70929,460
44775144,528.233459,461
44611508,527.758057,462
44446884,527.283081,463
44286044,526.808533,464
44123936,526.334412,465
43961084,525.860718,466
43792832,525.387451,467
43631028,524.914612,468
43469284,524.4422,469
43309780,523.970215,470
43145488,523.498657,471
42984220,523.027527,472
42828308,522.556824,473
42666052,522.086548,474
42508924,521.616699,475
42348544,521.147278,476
42190732,520.678284,477
42034392,520.209717,478
41882968,519.741516,479
41719280,519.273743,480
41568236,518.806396,481
41412564,518.339478,482
41257556,517.872986,483
41101264,517.406921,484
40951732,516.941284,485
40800088,516.476074,486
40649504,516.01123,487
40499516,515.546814,488
40347748,515.082825,489
40199952,514.619263,490
40049468,514.156128,491
39902016,513.69342,492
39755312,513.23114,493
39609164,512.769226,494
39460284,512.307739,495
39315036,511.84668,496
39170860,511.386047,497
39027164,510.925812,498
38883788,510.466003,499
38735968,510.006592,500
38598904,509.547607,501
38456752,509.08902,502
38317288,508.630859,503
38172152,508.173096,504
38032956,507.715759,505
37893996,507.25882,506
37756252,506.802307,507
37614376,506.346191,508
37477620,505.890503,509
37341940,505.435211,510
37201820,504.980347,511
37066544,504.525879,512
36928088,504.071808,513
36794168,503.618164,514
36658096,503.164917,515
36519364,502.712097,516
36384892,502.259674,517
36249940,501.807648,518
36114188,501.356049,519
35977204,500.904846,520
35838364,500.454041,521
35705316,500.003632,522
35570396,499.55365,523
35438372,499.104065,524
35307032,498.654877,525
35177264,498.206116,526
35046832,497.757751,527
34919144,497.309784,528
34789744,496.862213,529
34659544,496.415039,530
34533636,495.968292,531
34407712,495.521942,532
34283300,495.075989,533
34154460,494.630432,534
34028148,494.185272,535
33901860,493.740509,536
33777540,493.296143,537
33653136,492.852203,538
33525764,492.408661,539
33399394,491.965515,540
33277250,491.522766,541
33156742,491.080414,542
33034610,490.638458,543
32914492,490.196899,544
32793304,489.755737,545
32671672,489.314972,546
32550352,488.874603,547
32432604,488.434631,548
32311956,487.995056,549
32189262,487.555878,550
32072124,487.117096,551
31956062,486.678711,552
31836564,486.240723,553
31715958,485.803131,554
31598194,485.365936,555
31480406,484.929108,556
31364432,484.492676,557
31250452,484.056641,558
31134044,483.621002,559
31018592,483.18576,560
30905880,482.750916,561
30790932,482.316467,562
30673436,481.882385,563
30561480,481.4487,564
30448172,481.015411,565
30335526,480.58252,566
30225590,480.150024,567
30116854,479.717896,568
30007410,479.286163,569
29896554,478.854828,570
29787742,478.423859,571
29676490,477.993286,572
29567130,477.56311,573
29457034,477.133331,574
29351154,476.703918,575
29246280,476.274902,576
29137700,475.846283,577
29033358,475.41803,578
28927204,474.990173,579
28822472,474.562683,580
28718864,474.13559,581
28612402,473.708893,582
28507976,473.282562,583
28404752,472.856628,584
28300170,472.431061,585
28195402,472.00589,586
28089794,471.581085,587
27987318,471.156677,588
27887366,470.732635,589
27781474,470.30899,590
27680026,469.885712,591
27578418,469.46283,592
27475952,469.040314,593
27377140,468.618195,594
27279464,468.196442,595
27177700,467.775085,596
27077660,467.354095,597
26980520,466.933502,598
26883204,466.513275,599
26787900,466.093414,600
26690012,465.67395,601
26594040,465.254852,602
26495488,464.836151,603
26397908,464.417816,604
26300228,463.999847,605
26204124,463.582275,606
26110856,463.16507,607
26017856,462.74823,608
25922616,462.331757,609
25827752,461.91568,610
25732688,461.499969,611
25637524,461.084625,612
25545144,460.669678,613
25447268,460.255096,614
25351468,459.840881,615
25258572,459.427032,616
25163828,459.01355,617
25070564,458.600464,618
24977784,458.187744,619
24886436,457.775391,620
24792700,457.363403,621
24701656,456.951782,622
24612168,456.540527,623
24522220,456.129669,624
24431288,455.719177,625
24342808,455.309052,626
24253264,454.899292,627
24166656,454.489899,628
24077960,454.080872,629
23988972,453.672211,630
23902552,453.263916,631
23810860,452.855988,632
23724740,452.448425,633
23641172,452.041229,634
23555996,451.634399,635
23470172,451.227936,636
23383340,450.821838,637
23298464,450.416107,638
23214212,450.010742,639
23128536,449.605743,640
23043820,449.201111,641
22962976,448.796844,642
22881250,448.392944,643
22797878,447.98941,644
22714094,447.586243,645
22631244,447.183441,646
22550288,446.780975,647
22471174,446.378876,648
22385794,445.977142,649
22304862,445.575775,650
22224730,445.174774,651
22140858,444.774139,652
22062098,444.373871,653
21978358,443.973938,654
21898788,443.574371,655
21821478,443.175171,656
21742878,442.776337,657
21663168,442.377838,658
21583548,441.979706,659
21504850,441.58194,660
21424432,441.18454,661
21348018,440.787476,662
21269688,440.390778,663
21192572,439.994446,664
21115758,439.59845,665
21037958,439.20282,666
20962166,438.807556,667
20885838,438.412628,668
20807974,438.018066,669
20732762,437.623871,670
20658522,437.230011,671
20580730,436.836517,672
20506614,436.44339,673
20432170,436.050598,674
20358970,435.658173,675
20285898,435.266083,676
20210970,434.874359,677
20135026,434.482971,678
20060990,434.091949,679
19985462,433.701294,680
19914422,433.310974,681
19843202,432.921021,682
19770758,432.531403,683
19699182,432.142151,684
19626910,431.753235,685
19556146,431.364655,686
19486690,430.97644,687
19413654,430.588562,688
19342794,430.20105,689
19271542,429.813873,690
19200084,429.427063,691
19132412,429.040588,692
19062000,428.654449,693
18991580,428.268677,694
18923684,427.88324,695
18855520,427.498169,696
18785924,427.113434,697
18717188,426.729034,698
18646364,426.345001,699
18578148,425.961304,700
18512356,425.577942,701
18443656,425.194946,702
18375484,424.812286,703
18306180,424.429962,704
18239448,424.047974,705
18175104,423.666351,706
18111600,423.285065,707
18047432,422.904114,708
17980240,422.523499,709
17915144,422.14325,710
17851696,421.763336,711
17787192,421.383759,712
17721980,421.004517,713
17654908,420.62561,714
17590904,420.24707,715
17528064,419.868866,716
17464684,419.490997,717
17399148,419.113464,718
17334156,418.736267,719
17269976,418.359406,720
17209012,417.98288,721
17146864,417.60672,722
17085464,417.230896,723
17023676,416.855408,724
16962360,416.480255,725
16901296,416.105438,726
16841024,415.730957,727
16779272,415.356812,728
16716270,414.983002,729
16657921,414.609528,730
16599087,414.236389,731
16538235,413.863586,732
16477593,413.491119,733
16419567,413.118988,734
16360756,412.747192,735
16303146,412.375732,736
16244264,412.004608,737
16185289,411.63382,738
16128869,411.263367,739
16071463,410.89325,740
16013626,410.523468,741
15954892,410.154022,742
15898119,409.784882,743
15840593,409.416077,744
15782111,409.047607,745
15726776,408.679474,746
15669172,408.311676,747
15612925,407.944214,748
15558185,407.577087,749
15503557,407.210266,750
15447880,406.843781,751
15391243,406.477631,752
15334839,406.111816,753
15280031,405.746338,754
15225603,405.381165,755
15172032,405.016327,756
15116602,404.651825,757
15063947,404.287659,758
15008543,403.923798,759
14957255,403.560272,760
14903956,403.197083,761
14850451,402.834229,762
14796422,402.47168,763
14741782,402.109467,764
14689990,401.747589,765
14637567,401.386017,766
14586434,401.02478,767
14535076,400.663879,768
14482225,400.303284,769
14429469,399.943024,770
14378531,399.583099,771
14326628,399.22348,772
14274850,398.864197,773
14222303,398.505219,774
14171278,398.146576,775
14120199,397.788269,776
14070594,397.430267,777
14019918,397.072601,778
13971451,396.71524,779
13921643,396.358215,780
13871499,396.001495,781
13821973,395.645111,782
13772796,395.289032,783
13723143,394.933289,784
13675296,394.57785,785
13625969,394.222748,786
13578122,393.86795,787
13530244,393.513489,788
13481741,393.159332,789
13434045,392.805511,790
13387950,392.451996,791
13338469,392.098785,792
13292016,391.745911,793
13243074,391.393341,794
13196444,391.041107,795
13148117,390.689178,796
13099711,390.337555,797
13053551,389.986267,798
13005995,389.635284,799
12959498,389.284637,800
12913033,388.934296,801
12867718,388.584259,802
12820795,388.234558,803
12775599,387.885162,804
12730863,387.536072,805
12686850,387.187286,806
12643043,386.838837,807
12596933,386.490692,808
12552496,386.142853,809
12507193,385.795349,810
12461990,385.448151,811
12418229,385.101257,812
12373739,384.754669,813
12329127,384.408386,814
12286139,384.062439,815
12241848,383.716797,816
12198302,383.37146,817
12154224,383.026428,818
12109655,382.681702,819
12067688,382.337311,820
12024790,381.993225,821
11981404,381.649445,822
11939564,381.305969,823
11897745,380.962799,824
11856016,380.619934,825
11814695,380.277374,826
11773290,379.93515,827
11733651,379.593231,828
11689615,379.251617,829
11649339,378.910309,830
11606653,378.569305,831
11564915,378.228607,832
11524313,377.888214,833
11483888,377.548126,834
11441337,377.208344,835
11400155,376.868866,836
11359023,376.529694,837
11319533,376.190826,838
11277435,375.852264,839
11236495,375.514008,840
11197623,375.176056,841
11158729,374.838409,842
11119387,374.501068,843
11078288,374.164032,844
11039890,373.827301,845
11000768,373.490875,846
10962623,373.154755,847
10923991,372.818939,848
10885014,372.483398,849
10846195,372.148163,850
10808574,371.813232,851
10768924,371.478607,852
10731989,371.144287,853
10693351,370.810272,854
10654967,370.476562,855
10617670,370.143158,856
10578789,369.810028,857
10540730,369.477203,858
10502727,369.144684,859
10466098,368.812469,860
10429547,368.48056,861
10393652,368.148926,862
10357802,367.817596,863
10320865,367.486572,864
10285123,367.155853,865
10249193,366.825409,866
10213145,366.49527,867
10177606,366.165436,868
10138755,365.835907,869
10102236,365.506653,870
10066494,365.177704,871
10031156,364.84906,872
9995878,364.520721,873
9962428,364.192657,874
9926579,363.864899,875
9892815,363.537445,876
9857294,363.210266,877
9822081,362.883392,878
9786847,362.556793,879
9752180,362.230499,880
9718443,361.90451,881
9685330,361.578796,882
9652277,361.253387,883
9618987,360.928284,884
9585238,360.603455,885
9551683,360.278931,886
9518297,359.954681,887
9483315,359.630737,888
9450740,359.307068,889
9417448,358.983704,890
9384656,358.660614,891
9350625,358.33783,892
9318489,358.01535,893
9286352,357.693146,894
9253988,357.371246,895
9222071,357.049622,896
9189974,356.728302,897
9157711,356.407257,898
9127202,356.086487,899
9094297,355.766022,900
9063556,355.445831,901
9032381,355.125946,902
8997989,354.806335,903
8966916,354.48703,904
8935783,354.167999,905
8903735,353.849274,906
8872099,353.530823,907
8840770,353.212646,908
8811624,352.894775,909
8780802,352.577179,910
8750471,352.259857,911
8719965,351.942841,912
8689546,351.626099,913
8658734,351.309631,914
8629272,350.993469,915
8598259,350.677582,916
8567366,350.361969,917
8535647,350.046661,918
8504374,349.731628,919
8475412,349.41687,920
8445661,349.102417,921
8416099,348.788239,922
8386306.5,348.474335,923
8356673,348.160706,924
8327259.5,347.847382,925
8298710.5,347.534332,926
8270332.5,347.221558,927
8241468.5,346.909058,928
8212063.5,346.596863,929
8184853,346.284943,930
8158015.5,345.973297,931
8129416.5,345.661926,932
8100841,345.35083,933
8072487,345.040039,934
8044235.5,344.729523,935
8016346,344.419281,936
7989022,344.109314,937
7960435,343.799622,938
7934003.5,343.490204,939
7906104.5,343.181061,940
7878765,342.872223,941
7851821.5,342.56366,942
7823628.5,342.255371,943
7796349,341.947357,944
7769594.5,341.639618,945
7743269,341.332153,946
7714973,341.024963,947
7687532,340.718048,948
7661254,340.411407,949
7635513,340.105042,950
7607722.5,339.79895,951
7582244,339.493134,952
7556891.5,339.187592,953
7531648,338.882324,954
7505685,338.577332,955
7480505,338.272614,956
7452379,337.96817,957
7426213,337.664001,958
7399747,337.360107,959
7373974,337.056488,960
7348664,336.753143,961
7322507,336.450073,962
7297279,336.147278,963
7272249,335.844757,964
7247888.5,335.542511,965
7223087.5,335.24054,966
7199157,334.938843,967
7173724,334.637421,968
7146807.5,334.336243,969
7122087,334.035339,970
7098160.5,333.734711,971
7073932,333.434357,972
7049077.5,333.134277,973
7025760.5,332.834473,974
7001812.5,332.534943,975
6977867,332.235657,976
6953704.5,331.936646,977
6930413,331.637909,978
6906552,331.339447,979
6882477.5,331.04126,980
6858185.5,330.743347,981
6834617,330.445679,982
6811731.5,330.148285,983
6788537,329.851166,984
6765989.5,329.554321,985
6742872.5,329.257721,986
6720147.5,328.961395,987
6697133.5,328.665344,988
6674716,328.369568,989
6653156,328.074036,990
6629951.5,327.778778,991
6608296,327.483795,992
6586009,327.189056,993
6564325.5,326.894592,994
6543292,326.600403,995
6520942.5,326.306458,996
6498743.5,326.012787,997
6477559.5,325.719391,998
6454241.5,325.426239,999
6433161.5,325.133362,1000
6411151.5,324.840759,1001
6388358.5,324.548401,1002
6367359,324.256317,1003
6345816,323.964508,1004
6324551,323.672943,1005
6304123,323.381653,1006
6282665.5,323.090607,1007
6260335,322.799835,1008
6239453,322.509338,1009
6218747,322.219086,1010
6196966,321.929108,1011
6175574.5,321.639374,1012
6155466.5,321.349915,1013
6135253.5,321.060699,1014
6113999,320.771759,1015
6091332.5,320.483063,1016
6069688,320.194641,1017
6049457,319.906464,1018
6030045.5,319.618561,1019
6009631.5,319.330902,1020
5990050.5,319.043518,1021
5970481,318.756378,1022
5950036.5,318.469513,1023
5930482.5,318.182892,1024
5910944.5,317.896545,1025
5891026.5,317.610443,1026
5871723.5,317.324615,1027
5852420.5,317.039032,1028
5832820.5,316.753693,1029
5812424.5,316.468628,1030
5793324.5,316.183807,1031
5774533.5,315.899261,1032
5756331,315.61496,1033
5736679,315.330902,1034
5717847.5,315.047119,1035
5699080,314.76358,1036
5680619,314.480316,1037
5661366.5,314.197296,1038
5642869,313.91452,1039
5624733,313.632019,1040
5607012.5,313.349762,1041
5589236.5,313.067749,1042
5571171,312.786011,1043
5552759.5,312.504517,1044
5536185,312.223267,1045
5518625.5,311.942261,1046
5501203.5,311.66153,1047
5482838.5,311.381042,1048
5465088.5,311.1008,1049
5448724.5,310.820831,1050
5431042,310.541107,1051
5412813.5,310.261627,1052
5396758,309.982391,1053
5379874.5,309.70343,1054
5363191,309.424713,1055
5346195.5,309.14624,1056
5328805,308.868011,1057
5311836,308.590027,1058
5295271.5,308.312317,1059
5278036,308.034851,1060
5261243,307.757629,1061
5244657,307.480652,1062
5229131,307.203918,1063
5212387.5,306.927429,1064
5197011.5,306.651215,1065
5180132.5,306.375244,1066
5163644.5,306.099518,1067
5148268.5,305.824036,1068
5131772,305.548798,1069
5116399.5,305.273804,1070
5100576,304.999054,1071
5084709.5,304.724579,1072
5066881.5,304.450348,1073
5052762.5,304.176361,1074
5035947.5,303.902618,1075
5021209.5,303.62912,1076
5005726,303.355865,1077
4990502,303.082855,1078
4975165.5,302.810089,1079
4959234.5,302.537567,1080
4945234.5,302.265289,1081
4930236.5,301.993256,1082
4915848.5,301.721466,1083
4901171,301.449921,1084
4885291,301.178619,1085
4870843,300.907562,1086
4856190,300.636749,1087
4841312,300.36618,1088
4825690.5,300.095856,1089
4810534,299.825775,1090
4795895,299.555939,1091
4780412,299.286346,1092
4765798,299.016998,1093
4752645.5,298.747894,1094
4738643,298.479034,1095
4724562.5,298.210419,1096
4710530.5,297.942047,1097
4696928.5,297.67392,1098
4682978,297.406036,1099
4668716,297.138367,1100
4654379,296.870941,1101
4641017.5,296.60376,1102
4628227,296.336823,1103
4615233,296.070129,1104
4602530.5,295.80368,1105
4588310,295.537476,1106
4575658,295.271515,1107
4562817.5,295.005768,1108
4549023,294.740265,1109
4535917,294.475006,1110
4523541,294.209991,1111
4509033,293.945221,1112
4496352.5,293.680664,1113
4482794,293.416351,1114
4470091,293.152283,1115
4457664.5,292.888458,1116
4445349.5,292.624878,1117
4432174,292.361511,1118
4419450.5,292.098389,1119
4407856.5,291.83551,1120
4395073.5,291.572876,1121
4383064.5,291.310455,1122
4370134,291.048279,1123
4358288.5,290.786346,1124
4346043.5,290.524658,1125
4334427.5,290.263184,1126
4321931,290.001953,1127
4309846,289.740967,1128
4298024,289.480194,1129
4285379,289.219666,1130
4273305,288.959381,1131
4261667,288.699341,1132
4250422.5,288.439514,1133
4238129.5,288.179932,1134
4226691,287.920593,1135
4214908,287.661469,1136
4203692,287.402588,1137
4192701.5,287.143921,1138
4180944.25,286.885498,1139
4169965.75,286.627319,1140
4158632.75,286.369354,1141
4147069.75,286.111633,1142
4135704,285.854156,1143
4124475.25,285.596893,1144
4113561.75,285.339874,1145
4102036.5,285.083069,1146
4091008.5,284.826508,1147
4079871,284.57016,1148
4068869,284.314056,1149
4057679.5,284.058197,1150
4046673.5,283.802551,1151
4036204.75,283.54715,1152
4025330.5,283.291962,1153
4014221.75,283.037018,1154
4003537.5,282.782288,1155
3993025,282.527802,1156
3982628.25,282.273529,1157
3971183,282.019501,1158
3961060,281.765686,1159
3951257,281.512115,1160
3941026.25,281.258759,1161
3931453.75,281.005646,1162
3922041.25,280.752747,1163
3911049,280.500092,1164
3901576,280.24765,1165
3891656.25,279.995422,1166
3881950,279.743439,1167
3872211,279.491669,1168
3862589.5,279.240143,1169
3852610.25,278.988831,1170
3842288.25,278.737762,1171
3832142.75,278.486908,1172
3822617.75,278.236267,1173
3812877.25,277.98587,1174
3803283,277.735687,1175
3793818.5,277.485748,1176
3784191.75,277.236023,1177
3774953.5,276.986511,1178
3765399,276.737244,1179
3755816,276.48819,1180
3746446.5,276.239349,1181
3737473.5,275.990753,1182
3727753.25,275.742371,1183
3718601.25,275.494202,1184
3709567.75,275.246277,1185
3700613,274.998566,1186
3691679.75,274.751068,1187
3682918,274.503815,1188
3674407.25,274.256775,1189
3665689.5,274.009949,1190
3657100.25,273.763336,1191
3648173.75,273.516968,1192
3638584,273.270813,1193
3630150.5,273.024872,1194
3622390.75,272.779144,1195
3613762.25,272.533661,1196
3605225.5,272.288391,1197
3597218.75,272.043335,1198
3589138.5,271.798492,1199
3580213.75,271.553894,1200
3571942.5,271.309509,1201
3563723.25,271.065338,1202
3555451.5,270.821381,1203
3546694.75,270.577637,1204
3539101.75,270.334137,1205
3530922.75,270.090851,1206
3522282.25,269.847778,1207
3514614,269.604919,1208
3507065,269.362274,1209
3499209.75,269.119843,1210
3491202,268.877655,1211
3483664.5,268.635681,1212
3475757.5,268.393921,1213
3468011.75,268.152374,1214
3460212.75,267.911041,1215
3452492.25,267.669922,1216
3444980.75,267.429016,1217
3437567.25,267.188324,1218
3430288.5,266.947876,1219
3422642.25,266.707642,1220
3415210.5,266.467621,1221
3407929,266.227814,1222
3400686.5,265.98822,1223
3393340.5,265.74884,1224
3386457.25,265.509674,1225
3379694.5,265.270721,1226
3371316.75,265.031982,1227
3363903.75,264.793457,1228
3356249.75,264.555145,1229
3348431.75,264.317047,1230
3340971.5,264.079163,1231
3334056.5,263.841492,1232
3326160.5,263.604034,1233
3318426.5,263.366791,1234
3311936,263.129761,1235
3304568.5,262.892944,1236
3297766,262.656342,1237
3291076,262.419952,1238
3283548.75,262.183777,1239
3276732.5,261.947815,1240
3270146.75,261.712067,1241
3263397.75,261.476532,1242
3256729.5,261.241211,1243
3249935.25,261.006104,1244
3243639,260.77121,1245
3236788,260.53653,1246
3230372.75,260.302063,1247
3223948,260.06781,1248
3217646,259.833771,1249
3211555.25,259.599915,1250
3205478.75,259.366272,1251
3198601.75,259.132843,1252
3192838.75,258.899628,1253
3186307.25,258.666626,1254
3180757,258.433838,1255
3174126,258.201263,1256
3167591.75,257.968903,1257
3161944.75,257.736725,1258
3155653,257.504761,1259
3149946,257.27301,1260
3144377.25,257.041473,1261
3137890,256.81015,1262
3132370.75,256.579041,1263
3126273.5,256.348114,1264
3120705.5,256.117401,1265
3115385,255.886902,1266
3110174.5,255.656616,1267
3104598.5,255.426529,1268
3098143.75,255.196655,1269
3092973.75,254.96698,1270
3086803.5,254.737518,1271
3081523.75,254.508255,1272
3076350.25,254.279205,1273
3070901.75,254.050354,1274
3064667.5,253.821716,1275
3059483,253.593277,1276
3053894.25,253.365051,1277
3048415.25,253.137024,1278
3043022.75,252.90921,1279
3037798.75,252.681595,1280
3032060.75,252.454193,1281
3026758.25,252.22699,1282
3020946.75,252,1283
3015428.25,251.773209,1284
3010130.5,251.546616,1285
3004645,251.320236,1286
2999817,251.094055,1287
2994214.75,250.868073,1288
2989055.25,250.642303,1289
2984184.75,250.416733,1290
2979006,250.19136,1291
2973646.75,249.966202,1292
2968507.75,249.741241,1293
2963868.25,249.516479,1294
2959195.25,249.291916,1295
2953902,249.067566,1296
2949476.75,248.843414,1297
2944464.25,248.619461,1298
2939781.75,248.395706,1299
2934370,248.172165,1300
2929018.75,247.948822,1301
2924169.5,247.725677,1302
2919834.5,247.502731,1303
2915585.5,247.279984,1304
2910881.25,247.057434,1305
2906122,246.835083,1306
2901825.5,246.612946,1307
2897135.75,246.391006,1308
2892839.5,246.169266,1309
2887913.5,245.947723,1310
2883579.25,245.726379,1311
2878666.25,245.505234,1312
2874485.5,245.284286,1313
2869827.5,245.063538,1314
2865358.25,244.842987,1315
2861087.5,244.622635,1316
2856990,244.402481,1317
2852805,244.182526,1318
2848725.5,243.962769,1319
2844084.25,243.74321,1320
2839886.5,243.523849,1321
2836204.25,243.304688,1322
2831936.75,243.085724,1323
2827108.75,242.866959,1324
2822440,242.648392,1325
2817571.5,242.430008,1326
2811954,242.211823,1327
2807809,241.993835,1328
2803599.75,241.776047,1329
2799494.25,241.558456,1330
2795912.75,241.341064,1331
2791978.5,241.123871,1332
2788486.25,240.90686,1333
2784521.5,240.690048,1334
2780127,240.473434,1335
2775880,240.257019,1336
2772589,240.040802,1337
2768189.25,239.824768,1338
2764593.5,239.608932,1339
2760321.25,239.393295,1340
2756041.75,239.177841,1341
2752767.75,238.962585,1342
2748932.5,238.747528,1343
2744775.75,238.532669,1344
2740996.75,238.317993,1345
2736895.5,238.103516,1346
2733620.75,237.889236,1347
2729748.5,237.67514,1348
2726312.25,237.461243,1349
2722688.75,237.247528,1350
2718436.25,237.034012,1351
2714265.75,236.820694,1352
2711352.75,236.607559,1353
2707946.25,236.394623,1354
2704142.75,236.18187,1355
2700607,235.969315,1356
2696747.75,235.756943,1357
2693502.5,235.544769,1358
2689919.5,235.332779,1359
2686327.25,235.120987,1360
2682348.75,234.909378,1361
2678498,234.697968,1362
2674667,234.48674,1363
2670917,234.275711,1364
2666218,234.064865,1365
2663336.75,233.854218,1366
2659177.75,233.643753,1367
2655479,233.433487,1368
2652108.25,233.223404,1369
2647653.75,233.013504,1370
2643984,232.803802,1371
2640932,232.594284,1372
2637623.25,232.384949,1373
2634242.75,232.175812,1374
2630552,231.966858,1375
2627473.25,231.758087,1376
2623205.75,231.549515,1377
2619830.75,231.341125,1378
2617159.75,231.132919,1379
2613098,230.924911,1380
2609911.75,230.717087,1381
2607031.25,230.509445,1382
2603623.5,230.301987,1383
2599945.25,230.094727,1384
2597160,229.88765,1385
2593817.5,229.680756,1386
2590116.75,229.474045,1387
2586868.25,229.267532,1388
2583546.25,229.061203,1389
2580089.75,228.855057,1390
2576462,228.649094,1391
2572990.25,228.443314,1392
2570660.5,228.237717,1393
2567785.5,228.032303,1394
2564523.5,227.827087,1395
2561438,227.622055,1396
2558924.25,227.417206,1397
2556610.5,227.21254,1398
2552269.25,227.008057,1399
2549488.5,226.803757,1400
2547080.5,226.59964,1401
2544878.25,226.395706,1402
2542393.5,226.191956,1403
2539297,225.988388,1404
2536654.25,225.785004,1405
2533727.75,225.581802,1406
2530811.25,225.378784,1407
2528057.75,225.175949,1408
2525838,224.973297,1409
2522575.5,224.770828,1410
2520109.5,224.568542,1411
2517768.25,224.36644,1412
2514295,224.16452,1413
2511788.5,223.962784,1414
2509010.5,223.76123,1415
2506494,223.559845,1416
2504337.5,223.358643,1417
2501723.5,223.157623,1418
2499441.25,222.956787,1419
2496357.75,222.756134,1420
2493630.75,222.555664,1421
2491804,222.355377,1422
2489215,222.155258,1423
2487365,221.955322,1424
2484966.75,221.755569,1425
2482415.5,221.556,1426
2479723.5,221.356613,1427
2477757.25,221.157394,1428
2474660.25,220.958359,1429
2472126.25,220.759506,1430
2470229.75,220.560837,1431
2467719.75,220.362335,1432
2465624,220.164017,1433
2463665.75,219.965881,1434
2461561,219.767914,1435
2457944.75,219.570129,1436
2455567.5,219.372528,1437
2452998.75,219.175095,1438
2451334.75,218.977844,1439
2449121.25,218.780777,1440
2446783.5,218.583878,1441
2444672.25,218.387161,1442
2442428.5,218.190613,1443
2439928.5,217.994247,1444
2437823.75,217.798065,1445
2434806.75,217.602051,1446
2433193,217.406219,1447
2431109.25,217.210556,1448
2428524.75,217.015076,1449
2426345.75,216.819763,1450
2424060.5,216.624634,1451
2422428.75,216.429672,1452
2419937,216.234894,1453
2417720.75,216.040283,1454
2416182.75,215.845856,1455
2413722.75,215.651596,1456
2411597.75,215.45752,1457
2409330.5,215.263611,1458
2407307.5,215.069885,1459
2404736,214.876328,1460
2403011.75,214.682938,1461
2401009.25,214.489731,1462
2399519.25,214.296692,1463
2397291,214.103836,1464
2395404.25,213.911148,1465
2393109.75,213.718628,1466
2391388.5,213.526291,1467
2389628,213.334122,1468
2387569.75,213.14212,1469
2385797.5,212.950302,1470
2383801.5,212.758652,1471
2382273.5,212.567169,1472
2379796.5,212.37587,1473
2378154.75,212.184738,1474
2376416.75,211.993774,1475
2374408.25,211.802994,1476
2371897.5,211.612381,1477
2370166.5,211.421936,1478
2368176,211.231659,1479
2366580.75,211.04155,1480
2364747,210.851624,1481
2362723.5,210.661865,1482
2360750,210.472275,1483
2358682.75,210.282852,1484
2357285.75,210.093597,1485
2355491.5,209.904526,1486
2354249.5,209.715622,1487
2352272.75,209.526886,1488
2350890.25,209.338318,1489
2349394,209.149918,1490
2347528.75,208.961685,1491
2346208.25,208.773621,1492
2344322.25,208.585724,1493
2342994.25,208.39801,1494
2341210.25,208.210464,1495
2339648.75,208.023087,1496
2338435.25,207.835876,1497
2337083.5,207.648834,1498
2335279.75,207.46196,1499
2333019,207.275253,1500
2331766.25,207.088715,1501
2330915,206.902344,1502
2329548,206.716141,1503
2327995.5,206.530106,1504
2326537,206.344238,1505
2324772.25,206.158539,1506
2322973.5,205.973007,1507
2321631.5,205.787643,1508
2320677,205.602448,1509
2318650,205.417404,1510
2317640.25,205.232529,1511
2316334.5,205.047821,1512
2314455.75,204.863281,1513
2312496,204.678909,1514
2311088.75,204.494705,1515
2309286.75,204.310669,1516
2307656,204.126801,1517
2306257,203.9431,1518
2304594.25,203.759552,1519
2303006.25,203.576172,1520
2301646,203.39296,1521
2299721.75,203.209915,1522
2298146,203.027039,1523
2296706.5,202.844315,1524
2295162,202.661758,1525
2294035.75,202.47937,1526
2292977.25,202.29715,1527
2291250,202.115082,1528
2290093.25,201.933182,1529
2289009,201.75145,1530
2287802,201.569885,1531
2286228.75,201.388474,1532
2284997.5,201.20723,1533
2283637.75,201.026154,1534
2282825,200.84523,1535
2281714.25,200.664474,1536
2279894.25,200.483887,1537
2278593.25,200.303452,1538
2277355.5,200.123184,1539
2276381.25,199.943085,1540
2275298,199.763138,1541
2273989,199.583359,1542
2272400,199.403732,1543
2271192.75,199.224274,1544
2269858,199.044983,1545
2268866.5,198.865845,1546
2267412.5,198.686874,1547
2266138.25,198.508057,1548
2264732.5,198.329407,1549
2263428.5,198.150909,1550
2262391,197.97258,1551
2261149,197.794403,1552
2259966.75,197.616394,1553
2258808.75,197.438538,1554
2257897,197.260849,1555
2256682,197.083313,1556
2255288.25,196.905945,1557
2254266.5,196.728729,1558
2252838.75,196.551682,1559
2252212,196.374786,1560
2250734.25,196.198059,1561
2249440.25,196.021484,1562
2248252.5,195.845078,1563
2247404,195.668823,1564
2246608.5,195.492722,1565
2245754.75,195.316788,1566
2244512,195.141006,1567
2243561.25,194.965378,1568
2242707.5,194.789917,1569
2241945.5,194.614609,1570
2240914.5,194.439468,1571
2239912.25,194.264481,1572
2239267.25,194.089645,1573
2238242.75,193.914978,1574
2237414.75,193.740463,1575
2236259.25,193.566101,1576
2235686.25,193.391891,1577
2234420.5,193.21785,1578
2233801.75,193.043961,1579
2232871.5,192.870224,1580
2231373.25,192.69664,1581
2229793.25,192.523224,1582
2228949,192.34996,1583
2228232.75,192.176849,1584
2227105.25,192.003891,1585
2225995.5,191.8311,1586
2224824.75,191.658463,1587
2223910,191.485977,1588
2222990.25,191.313644,1589
2222156,191.141464,1590
2221363.5,190.969437,1591
2220326.5,190.797577,1592
2219553.25,190.62587,1593
2218411,190.454315,1594
2217500.5,190.282913,1595
2216485.5,190.111664,1596
2215504.5,189.940567,1597
2214599,189.769623,1598
2213082,189.598831,1599
2212452.25,189.428192,1600
2211306,189.257706,1601
2210539,189.087372,1602
2209672,188.917206,1603
2209179.25,188.747192,1604
2208428,188.577332,1605
2207232,188.407623,1606
2206400.75,188.238068,1607
2205604.5,188.068665,1608
2205043.25,187.899414,1609
2204157.75,187.730316,1610
2203627,187.561371,1611
2202832.25,187.392578,1612
2202047,187.223923,1613
2201491.75,187.05542,1614
2200491.75,186.88707,1615
2199914.25,186.718872,1616
2199294.5,186.550827,1617
2198403,186.382935,1618
2197265.25,186.215195,1619
2196416,186.047607,1620
2195954,185.880173,1621
2195338.75,185.712891,1622
2194888,185.545761,1623
2194285,185.378769,1624
2193569,185.211929,1625
2192915.5,185.045242,1626
2192142.75,184.878708,1627
2191585.5,184.712326,1628
2190972,184.546097,1629
2190116,184.380005,1630
2189372.75,184.214066,1631
2188668.75,184.048279,1632
2188194.25,183.882645,1633
2187248,183.717163,1634
2186624,183.551819,1635
2185850.75,183.386627,1636
2185067.75,183.221588,1637
2184322.25,183.056702,1638
2183905.75,182.891953,1639
2183188.5,182.727356,1640
2182525.5,182.562912,1641
2181641.5,182.398605,1642
2180780,182.234451,1643
2180050.75,182.07045,1644
2179555,181.906586,1645
2178817.75,181.742874,1646
2177811.75,181.579315,1647
2177437.75,181.415894,1648
2176704.75,181.252625,1649
2176029.75,181.089508,1650
2175346.25,180.926529,1651
2174845.25,180.763702,1652
2174354.5,180.601013,1653
2173791.25,180.438477,1654
2173143.5,180.276093,1655
2172429.5,180.113846,1656
2171833.5,179.951752,1657
2171071.5,179.789795,1658
2170510,179.627991,1659
2170195.25,179.466324,1660
2169313.5,179.30481,1661
2168718.75,179.143448,1662
2168222.5,178.982224,1663
2167800.5,178.821152,1664
2166975.75,178.660217,1665
2166225.75,178.499435,1666
2165405,178.338791,1667
2164835.75,178.178284,1668
2164181.75,178.017929,1669
2163892.5,177.857712,1670
2163205.5,177.697647,1671
2162543,177.53772,1672
2162024,177.377945,1673
2161742.25,177.218307,1674
2161549.75,177.058823,1675
2161099.25,176.899475,1676
2160509.75,176.740265,1677
2159453.25,176.581207,1678
2158864.75,176.422287,1679
2158702.75,176.263519,1680
2157940.75,176.104889,1681
2157487.75,175.946396,1682
2156845.25,175.788055,1683
2156547.25,175.629852,1684
2156384.75,175.471786,1685
2155798,175.313873,1686
2155513.5,175.156097,1687
2155030.75,174.998459,1688
2154438.5,174.840973,1689
2153693.5,174.683624,1690
2153818.75,174.526413,1691
2153105.75,174.369339,1692
2152765.5,174.212418,1693
2152201.75,174.055634,1694
2151880,173.898987,1695
2151286.25,173.742477,1696
2150753.25,173.586121,1697
2150691.75,173.429901,1698
2149970.75,173.273819,1699
2149597.5,173.117874,1700
2148912.75,172.962067,1701
2148406.5,172.806412,1702
2148032.25,172.650894,1703
2147594.5,172.495514,1704
2147348.25,172.340271,1705
2147304.25,172.185165,1706
2146867.5,172.030197,1707
2146108.25,171.875381,1708
2145848.5,171.720703,1709
2145380.5,171.566162,1710
2145173,171.411758,1711
2145035.75,171.257492,1712
2144258.5,171.103363,1713
2144058.25,170.949371,1714
2144035.25,170.795517,1715
2143188,170.6418,1716
2142964,170.48822,1717
2142636.25,170.334793,1718
2142048,170.181503,1719
2141463.25,170.028351,1720
2141240.75,169.875336,1721
2140991,169.722458,1722
2140193.25,169.569717,1723
2139725.25,169.417114,1724
2139530.25,169.264648,1725
2139239,169.11232,1726
2138699.5,168.960129,1727
2138332.5,168.808075,1728
2138051.5,168.656158,1729
2137543,168.504379,1730
2137354,168.352737,1731
2136989.75,168.201218,1732
2136645.25,168.049835,1733
2136413.25,167.89859,1734
2135910.25,167.747482,1735
2135749.75,167.596512,1736
2135223.75,167.445679,1737
2134474.25,167.294983,1738
2134196.75,167.144424,1739
2133611,166.994003,1740
2133249.25,166.843719,1741
2133370.25,166.693558,1742
2132979,166.543533,1743
2132559.5,166.393646,1744
2132392.75,166.243896,1745
2131865.75,166.094284,1746
2131721,165.944809,1747
2131296.5,165.795456,1748
2130863.5,165.64624,1749
2130639.25,165.497162,1750
2130077.75,165.348221,1751
2129775,165.199417,1752
2129483.75,165.050735,1753
2129095.75,164.902191,1754
2128740.5,164.753784,1755
2128444.75,164.605515,1756
2127947.75,164.457367,1757
2127518.5,164.309357,1758
2127353,164.161484,1759
2127083.25,164.013748,1760
2126614,163.866135,1761
2126168.5,163.718658,1762
2125799.5,163.57132,1763
2125610.75,163.424103,1764
2125286,163.277023,1765
2124993.25,163.130081,1766
2124584.25,162.983276,1767
2123994.5,162.836594,1768
2123922,162.690048,1769
2123752.5,162.543625,1770
2123402,162.397339,1771
2123105.75,162.25119,1772
2122685.5,162.105164,1773
2122411.75,161.959274,1774
2121891.5,161.813522,1775
2121464.75,161.667892,1776
2121140.25,161.5224,1777
2120848.75,161.377029,1778
2120510,161.231796,1779
2120255,161.086685,1780
2119979.75,160.941711,1781
2119643.25,160.796875,1782
2119634,160.652161,1783
2119064,160.507584,1784
2119019.25,160.363129,1785
2118737.5,160.218811,1786
2118667,160.074615,1787
2118394,159.930557,1788
2118050,159.786621,1789
2117785.25,159.642822,1790
2116891.25,159.499146,1791
2116661.75,159.355606,1792
2116466.25,159.212189,1793
2116129.75,159.068909,1794
2115842,158.925751,1795
2115596.75,158.782715,1796
2115452,158.639816,1797
2115040.75,158.49704,1798
2114682,158.354401,1799
2114353.75,158.211884,1800
2114078,158.069504,1801
2113791.25,157.927246,1802
2113460.5,157.78511,1803
2113158.5,157.643112,1804
2112796,157.501236,1805
2112548.5,157.359497,1806
2112236.5,157.21788,1807
2111876,157.076385,1808
2111729,156.935028,1809
2111513.5,156.793793,1810
2111457.25,156.652679,1811
2110837,156.511703,1812
2110520.5,156.37085,1813
2110170.25,156.230118,1814
2110047.5,156.089508,1815
2109740.5,155.949036,1816
2109504,155.808685,1817
2109170.25,155.668457,1818
2108871.25,155.528366,1819
2108749.5,155.388397,1820
2108586.25,155.24855,1821
2108366,155.108826,1822
2107963.75,154.969238,1823
2107723.75,154.829773,1824
2107701.75,154.69043,1825
2107486.5,154.551208,1826
2107148.5,154.412109,1827
2106642.25,154.273148,1828
2106445.75,154.134308,1829
2106070.5,153.99559,1830
2105789.5,153.856995,1831
2105537.5,153.718521,1832
2105661.5,153.580185,1833
2105240,153.441971,1834
2104688,153.303879,1835
2104600.25,153.165909,1836
2104576.75,153.028061,1837
2104276.25,152.890335,1838
2103963,152.752731,1839
2103627.75,152.615265,1840
2103481.25,152.477921,1841
2103329.75,152.340698,1842
2103105.25,152.203598,1843
2102599.75,152.06662,1844
2102295,151.929764,1845
2102164.75,151.79303,1846
2102044.75,151.656418,1847
2101742.5,151.519928,1848
2101557.5,151.38356,1849
2101206.5,151.247314,1850
2101143.25,151.111191,1851
2100911.25,150.975189,1852
2100483.25,150.83931,1853
2100265.75,150.703552,1854
2100096.25,150.567917,1855
2099935.75,150.432404,1856
2099555.25,150.297012,1857
2099459.5,150.161743,1858
2099172.5,150.026596,1859
2099010.5,149.891571,1860
2098863.25,149.756668,1861
2098653.5,149.621887,1862
2098497.75,149.487228,1863
2098392.75,149.352692,1864
2098045.75,149.218277,1865
2098379.75,149.083984,1866
2098102.5,148.949814,1867
2097541.25,148.815765,1868
2097607,148.681839,1869
2097371,148.548035,1870
2097142,148.414352,1871
2096922,148.280777,1872
2096480.75,148.147324,1873
2096375,148.013992,1874
2096276.5,147.880783,1875
2096061.125,147.747696,1876
2095707.5,147.614731,1877
2095575,147.481888,1878
2095353.875,147.349152,1879
2095055.375,147.216537,1880
2094925.125,147.084045,1881
2094820.875,146.951675,1882
2094554.75,146.819427,1883
2094481.75,146.687302,1884
2094215.75,146.555283,1885
2094032.875,146.423386,1886
2093799.25,146.291611,1887
2093674.875,146.159958,1888
2093644.875,146.028412,1889
2093365.75,145.896988,1890
2093173.5,145.765686,1891
2093001,145.634506,1892
2093045.875,145.503433,1893
2092596.75,145.372482,1894
2092340.625,145.241653,1895
2092023.375,145.110947,1896
2092313.5,144.980347,1897
2091776.875,144.849869,1898
2091645.75,144.719513,1899
2091433.5,144.589264,1900
2091688.375,144.459137,1901
2091117.5,144.329132,1902
2090762.75,144.199234,1903
2090643.25,144.069458,1904
2090518.375,143.939804,1905
2090311.375,143.810257,1906
2090241.5,143.680832,1907
2089956.125,143.551529,1908
2089871.875,143.422333,1909
2089861.625,143.293259,1910
2089538.125,143.164291,1911
2089198,143.035446,1912
2089001.5,142.906723,1913
2088981.75,142.778107,1914
2088754.5,142.649612,1915
2088548.375,142.521225,1916
2088626.75,142.39296,1917
2088526.25,142.264816,1918
2088279.875,142.13678,1919
2088044.625,142.008865,1920
2087765.75,141.881058,1921
2087436.875,141.753372,1922
2087314,141.625793,1923
2087502.25,141.498337,1924
2087317.75,141.370987,1925
2087243.25,141.243759,1926
2087176.875,141.116638,1927
2086936.125,140.989639,1928
2086659.75,140.862747,1929
2086444.75,140.735977,1930
2086234.75,140.609314,1931
2086047.5,140.482773,1932
2085928,140.356339,1933
2085691.5,140.230026,1934
2085515.25,140.103821,1935
2085287.75,139.977737,1936
2085134.125,139.851761,1937
2084952.5,139.725891,1938
2084747.875,139.600143,1939
2084651.5,139.474503,1940
2084458,139.348984,1941
2084339.875,139.223572,1942
2084223,139.098282,1943
2084186.25,138.973099,1944
2084124.75,138.848022,1945
2083947.375,138.723068,1946
2083833.75,138.598221,1947
2083667.375,138.47348,1948
2083530.25,138.348862,1949
2083308.25,138.22435,1950
2083371.875,138.099945,1951
2083328.375,137.975662,1952
2082889.125,137.851486,1953
2083068.5,137.727417,1954
2082956.75,137.60347,1955
2082745.25,137.47963,1956
2082679.375,137.355896,1957
2082262,137.232285,1958
2082108.125,137.10878,1959
2082259.25,136.985382,1960
2082023.75,136.862106,1961
2081973.25,136.738937,1962
2081664,136.615875,1963
2081529.125,136.49292,1964
2081353.5,136.370087,1965
2081174.125,136.24736,1966
2081033.375,136.124741,1967
2080801.125,136.002228,1968
2080669.375,135.879837,1969
2080791,135.757553,1970
2080550.75,135.635376,1971
2080313.625,135.513306,1972
2080124.875,135.391342,1973
2079926.625,135.269501,1974
2079784.625,135.147766,1975
2079814.875,135.026138,1976
2079637.875,134.904617,1977
2079502.625,134.783203,1978
2079243.25,134.661896,1979
2079151.875,134.54071,1980
2078975.625,134.419632,1981
2078901.5,134.29866,1982
2078816.625,134.177795,1983
2078655,134.057037,1984
2078674.375,133.936386,1985
2078491.625,133.815842,1986
2078379,133.695404,1987
2078141.25,133.575089,1988
2078118.125,133.45488,1989
2077961,133.334778,1990
2077972,133.214783,1991
2077821.875,133.094894,1992
2077518.625,132.975113,1993
2077440.25,132.855438,1994
2077376.375,132.73587,1995
2077230,132.616409,1996
2077162,132.497055,1997
2077089.5,132.377808,1998
2076839.125,132.258667,1999
2076845.25,132.139633,2000
2076841.75,132.020706,2001
2076641.5,131.901886,2002
2076274.875,131.783173,2003
2076439.25,131.664566,2004
2076280.5,131.546066,2005
2076184.875,131.427673,2006
2075917.75,131.309387,2007
2075663.625,131.191208,2008
2075436.625,131.073135,2009
2075267.625,130.95517,2010
2075130,130.837311,2011
2074892.125,130.719559,2012
2074894.625,130.601913,2013
2074834.875,130.484375,2014
2074797,130.366943,2015
2074225.5,130.249619,2016
2074282.5,130.132401,2017
2074123.875,130.015289,2018
2073972.875,129.898285,2019
2073644.125,129.781387,2020
2073687.75,129.664581,2021
2073521.875,129.547882,2022
2073222.625,129.43129,2023
2073153,129.314804,2024
2073021.75,129.198425,2025
2072972.25,129.082153,2026
2073050.625,128.965988,2027
2072890.5,128.84993,2028
2072526.375,128.733963,2029
2072598,128.618103,2030
2072433.75,128.50235,2031
2072167.125,128.386703,2032
2072179.125,128.271164,2033
2072064.75,128.155731,2034
2071950.125,128.04039,2035
2071790.75,127.925156,2036
2071670.5,127.810028,2037
2071562.625,127.695,2038
2071505.375,127.580078,2039
2071212.375,127.465263,2040
2070936,127.350548,2041
2070938,127.235939,2042
2071118.5,127.121429,2043
2071075.125,127.007027,2044
2070932.375,126.892723,2045
2070538.75,126.778526,2046
2070422.625,126.664429,2047
2070279.75,126.550438,2048
2070139,126.436546,2049
2069982.5,126.322754,2050
2069687.875,126.209068,2051
2069523.875,126.095482,2052
2069407.625,125.982002,2053
2069575.625,125.868622,2054
2069476.625,125.755341,2055
2069361.125,125.642166,2056
2069208,125.529091,2057
2069063.125,125.416115,2058
2068927.75,125.303246,2059
2068814.375,125.190475,2060
2068630.375,125.077805,2061
2068390.125,124.96524,2062
2068288.5,124.852776,2063
2068142.25,124.74041,2064
2067987.25,124.628151,2065
2067902.875,124.515991,2066
2067898.875,124.403931,2067
2067593.75,124.291969,2068
2067481.875,124.180107,2069
2067361.875,124.068352,2070
2067180.375,123.956696,2071
2067041.375,123.845139,2072
2066861.125,123.733681,2073
2066742.875,123.622322,2074
2066690,123.511063,2075
2066451.5,123.39991,2076
2066309.125,123.288857,2077
2066082.75,123.177902,2078
2066005.75,123.067047,2079
2066121.625,122.956291,2080
2065697.125,122.845634,2081
2065631.125,122.735077,2082
2065715.125,122.624619,2083
2065663.375,122.514259,2084
2065475.25,122.403999,2085
2065433.5,122.293839,2086
2065211.75,122.183777,2087
2065137.875,122.073814,2088
2065017.625,121.963951,2089
2064914.25,121.854187,2090
2064830,121.744522,2091
2064616,121.634956,2092
2064517.75,121.52549,2093
2064414.375,121.416122,2094
2064393.25,121.306854,2095
2064271.25,121.197685,2096
2064397,121.088608,2097
2064206.625,120.97963,2098
2064133.25,120.87075,2099
2064002.25,120.761971,2100
2063924.25,120.65329,2101
2063792.875,120.544708,2102
2063762.25,120.436218,2103
2063488,120.327827,2104
2063397.25,120.219536,2105
2063367.625,120.111343,2106
2063430.25,120.00325,2107
2063257.375,119.895248,2108
2063082.5,119.787346,2109
2062991.25,119.679543,2110
2063045.25,119.571831,2111
2063022.375,119.464218,2112
2062959.75,119.356705,2113
2062889.125,119.24929,2114
2062794.375,119.141968,2115
2062623.5,119.034744,2116
2062419.5,118.92762,2117
2062245.25,118.820587,2118
2062134,118.713654,2119
2062000.625,118.606812,2120
2061877.75,118.500069,2121
2061817.25,118.393425,2122
2061669.5,118.286873,2123
2061607.75,118.18042,2124
2061606.625,118.074059,2125
2061591.5,117.967796,2126
2061388.125,117.861626,2127
2061329.75,117.755554,2128
2061237.25,117.649574,2129
2061139.625,117.543694,2130
2060924.125,117.437904,2131
2060975.125,117.332214,2132
2060815.375,117.226616,2133
2060718.25,117.121117,2134
2060596.875,117.015709,2135
2060499.125,116.9104,2136
2060485.625,116.805183,2137
2060445.125,116.700066,2138
2060303.5,116.595039,2139
2060182.375,116.490105,2140
2060075.625,116.385269,2141
2059956.125,116.280525,2142
2059848.125,116.175873,2143
2059600.75,116.07132,2144
2059568.125,115.966858,2145
2059495.875,115.862488,2146
2059390.25,115.758217,2147
2059297.25,115.654037,2148
2059224.5,115.54995,2149
2059180.5,115.445961,2150
2059202,115.342064,2151
2059070.375,115.238258,2152
2058855.125,115.134544,2153
2058769.25,115.03093,2154
2058686.375,114.927406,2155
2058632.375,114.823975,2156
2058484.25,114.720634,2157
2058468.25,114.617386,2158
2058365.875,114.514236,2159
2058326.625,114.411179,2160
2058133.875,114.308212,2161
2058077.375,114.205338,2162
2057974.125,114.102554,2163
2057897.5,113.999863,2164
2057862.375,113.897263,2165
2057830.375,113.794762,2166
2057724.25,113.692352,2167
2057627.375,113.590034,2168
2057570.5,113.487808,2169
2057622,113.385674,2170
2057377,113.28363,2171
2057290.75,113.181679,2172
2057158.375,113.079819,2173
2057068.5,112.97805,2174
2057012.875,112.876373,2175
2056841.125,112.774788,2176
2056790.25,112.673294,2177
2056793.5,112.571892,2178
2056755.375,112.470581,2179
2056711.625,112.369362,2180
2056620.5,112.268234,2181
2056659.125,112.167198,2182
2056375.25,112.066254,2183
2056289.75,111.965401,2184
2056212.25,111.864632,2185
2056074.875,111.763954,2186
2056068,111.663368,2187
2056129.25,111.562874,2188
2056175.125,111.462471,2189
2056075.75,111.36216,2190
2055995.625,111.26194,2191
2055839.25,111.161804,2192
2055728.125,111.06176,2193
2055734.125,110.961807,2194
2055619.125,110.861946,2195
2055540.5,110.762177,2196
2055489.625,110.662491,2197
2055489.875,110.562897,2198
2055339.5,110.463394,2199
2055336.5,110.363983,2200
2055148.875,110.264656,2201
2055138.75,110.165421,2202
2055140.5,110.066277,2203
2054853.75,109.967216,2204
2054765.5,109.868248,2205
2054937.5,109.769371,2206
2054765.375,109.670586,2207
2054932.375,109.571884,2208
2054820.25,109.473274,2209
2054765.125,109.374748,2210
2054740.375,109.276314,2211
2054664.375,109.177971,2212
2054587.5,109.079712,2213
2054572.875,108.981544,2214
2054504.375,108.883461,2215
2054346,108.785469,2216
2054368.5,108.687569,2217
2054411.25,108.589752,2218
2054326.375,108.492027,2219
2054254.75,108.394386,2220
2054139.125,108.296837,2221
2054090.5,108.199371,2222
2053995.375,108.101997,2223
2053904.875,108.004707,2224
2053893,107.907509,2225
2053812.25,107.810394,2226
2053754.125,107.713371,2227
2053683.125,107.616432,2228
2053481.25,107.519577,2229
2053488.5,107.422813,2230
2053502.25,107.326134,2231
2053486.375,107.229546,2232
2053348,107.133041,2233
2053298.125,107.036621,2234
2053271.625,106.940292,2235
2053197,106.844048,2236
2053129.25,106.747894,2237
2053116.125,106.651825,2238
2053056.75,106.55584,2239
2052992.75,106.459946,2240
2052934.375,106.364136,2241
2053051.5,106.26841,2242
2052858,106.172768,2243
2052826,106.077217,2244
2052866,105.98175,2245
2052803.75,105.886368,2246
2052749.25,105.791077,2247
2052686.375,105.695869,2248
2052709.875,105.600746,2249
2052663.125,105.505707,2250
2052573,105.410751,2251
2052400.5,105.315887,2252
2052343,105.221107,2253
2052243.125,105.126411,2254
2052568.125,105.031799,2255
2052405.75,104.937271,2256
2052404.875,104.842834,2257
2052410.375,104.748482,2258
2052473,104.654213,2259
2052432.125,104.560028,2260
2052359.375,104.465927,2261
2051978.75,104.37191,2262
2051792,104.277977,2263
2051713.25,104.184128,2264
2051735.5,104.090363,2265
2051720.375,103.996681,2266
2051671,103.903084,2267
2051655.375,103.80957,2268
2051641.875,103.716148,2269
2051542.625,103.62281,2270
2051594.375,103.529556,2271
2051576.125,103.436386,2272
2051537.75,103.3433,2273
2051428.375,103.250298,2274
2051380,103.157372,2275
2051334.125,103.064529,2276
2051317.625,102.971771,2277
2051296,102.879097,2278
2051263.375,102.786507,2279
2051219.625,102.694,2280
2051175.875,102.601578,2281
2051148.625,102.509239,2282
2051000,102.416985,2283
2050976.625,102.324814,2284
2050918.125,102.232727,2285
2050888.125,102.140724,2286
2050827.625,102.048798,2287
2050792.625,101.956955,2288
2050762.75,101.865196,2289
2050782.625,101.773521,2290
2050818.375,101.681931,2291
2050867,101.590424,2292
2050763,101.498993,2293
2050731.375,101.407646,2294
2050677.5,101.316383,2295
2050720.75,101.225204,2296
2050535.5,101.134102,2297
2050598.75,101.043083,2298
2050402.75,100.952148,2299
2050360.5,100.861298,2300
2050326.125,100.770523,2301
2050353.125,100.679832,2302
2050301.5,100.589226,2303
2050280.125,100.498695,2304
2050212.5,100.408249,2305
2050158.625,100.317886,2306
2050108,100.2276,2307
2050079.625,100.137398,2308
2050070.25,100.047279,2309
2050035.375,99.957237,2310
2049981.875,99.867279,2311
2049925.875,99.777405,2312
2049793.25,99.687607,2313
2049718.5,99.597893,2314
2049858.375,99.508255,2315
2049861.875,99.418701,2316
2049877,99.329224,2317
2049812.875,99.23983,2318
2049759.375,99.15052,2319
2049690.375,99.061287,2320
2049655.625,98.972137,2321
2049650.875,98.883064,2322
2049625.375,98.794075,2323
2049594.875,98.705162,2324
2049516.25,98.616333,2325
2049625.375,98.52758,2326
2049592.625,98.438911,2327
2049574.25,98.350319,2328
2049602,98.26181,2329
2049500.625,98.173378,2330
2049464.25,98.085022,2331
2049450.5,97.99675,2332
2049438.125,97.908554,2333
2049364.25,97.820442,2334
2049343,97.732407,2335
2049284.5,97.644447,2336
2049310.5,97.556572,2337
2049281,97.468773,2338
2049277.625,97.38105,2339
2049206.75,97.293411,2340
2049164.375,97.205849,2341
2049071.5,97.11837,2342
2049007.875,97.030968,2343
2049018.625,96.943642,2344
2048991.875,96.856392,2345
2049077,96.769226,2346
2049012.875,96.682137,2347
2048994,96.595123,2348
2048989.5,96.508194,2349
2048943.625,96.421341,2350
2048907.25,96.334564,2351
2048922.75,96.247864,2352
2048869.625,96.161247,2353
2048711.625,96.074707,2354
2048681.125,95.988243,2355
2048644.5,95.901855,2356
2048650.625,95.815544,2357
2048540.125,95.729317,2358
2048539.25,95.643166,2359
2048492.375,95.557091,2360
2048440,95.471092,2361
2048432,95.38517,2362
2048423.375,95.299324,2363
2048388.875,95.213554,2364
2048374.75,95.127869,2365
2048300.375,95.042259,2366
2048051.5,94.956726,2367
2048154.75,94.871269,2368
2048115.75,94.785889,2369
2048099,94.700584,2370
2048077.125,94.615356,2371
2048038.375,94.530205,2372
2048081.5,94.445129,2373
2048047,94.36013,2374
2047802,94.275208,2375
2047910.25,94.190361,2376
2047871.875,94.105591,2377
2047862.125,94.020897,2378
2047821.75,93.936279,2379
2047837.875,93.851738,2380
2047820.625,93.767273,2381
2047716.125,93.682884,2382
2047776.125,93.598572,2383
2047687,93.514336,2384
2047633.125,93.430176,2385
2047541,93.346092,2386
2047504.5,93.262085,2387
2047462,93.178154,2388
2047431.75,93.094299,2389
2047377.625,93.010521,2390
2047382.125,92.926811,2391
2047207.125,92.843178,2392
2047135.125,92.759621,2393
2047107.125,92.67614,2394
2047097.25,92.592735,2395
2047022.5,92.509407,2396
2047009.75,92.426155,2397
2046942.125,92.342972,2398
2046929.25,92.259865,2399
2046896.75,92.176834,2400
2046865.125,92.09388,2401
2046814.75,92.011002,2402
2046765.5,91.928192,2403
2046701.5,91.845459,2404
2046656.375,91.762802,2405
2046728.875,91.680222,2406
2046721.375,91.59771,2407
2046668.625,91.515274,2408
2046656.75,91.432915,2409
2046614.875,91.350624,2410
2046618.875,91.26841,2411
2046558.625,91.186272,2412
2046556,91.10421,2413
2046503.5,91.022217,2414
2046463.875,90.9403,2415
2046416.125,90.858459,2416
2046380.25,90.776688,2417
2046341.125,90.694992,2418
2046351.25,90.613373,2419
2046342.625,90.531822,2420
2046283.25,90.450348,2421
2046251.875,90.368942,2422
2046200.5,90.287613,2423
2046186,90.20636,2424
2046135.875,90.125175,2425
2046081.375,90.044067,2426
2046074.625,89.963028,2427
2046008.875,89.882065,2428
2045997.375,89.80117,2429
2045977.625,89.720352,2430
2045964.625,89.63961,2431
2045998.875,89.558937,2432
2045977.625,89.47834,2433
2045828.75,89.397812,2434
2045833.875,89.31736,2435
2045835.125,89.236977,2436
2045793,89.15667,2437
2045782.875,89.076431,2438
2045749.875,88.996262,2439
2045718,88.916168,2440
2045678.375,88.836143,2441
2045678.375,88.756195,2442
2045689.75,88.676315,2443
2045696.375,88.596512,2444
2045661.25,88.516777,2445
2045614.25,88.437111,2446
2045851,88.357521,2447
2045811.625,88.278,2448
2045808.5,88.198555,2449
2045752.375,88.119179,2450
2045454.875,88.039871,2451
2045379.75,87.96064,2452
2045429.875,87.881477,2453
2045422.125,87.802383,2454
2045520.125,87.723366,2455
2045490.875,87.644417,2456
2045469.625,87.565536,2457
2045432.375,87.486732,2458
2045437.75,87.407997,2459
2045239.5,87.32933,2460
2045283.25,87.25074,2461
2045197.125,87.172218,2462
2045033.5,87.093765,2463
2044999.25,87.015381,2464
2044996.125,86.937073,2465
2044982,86.858833,2466
2044917.125,86.780663,2467
2044909.25,86.70256,2468
2044848.125,86.624527,2469
2044789.875,86.54657,2470
2044726.25,86.468681,2471
2044708.75,86.390862,2472
2045022.5,86.31311,2473
2044989.625,86.235428,2474
2044943,86.157822,2475
2044568.25,86.080284,2476
2044471.375,86.002815,2477
2044439.375,85.925415,2478
2044328.5,85.848083,2479
2044354.875,85.770821,2480
2044335.25,85.693626,2481
2044326.875,85.616501,2482
2044315.125,85.539452,2483
2044315.375,85.462471,2484
2044305.125,85.385559,2485
2044304.625,85.308716,2486
2044392.25,85.231941,2487
2044268.25,85.155235,2488
2044294.5,85.078598,2489
2044248.875,85.002029,2490
2044229,84.925529,2491
2044207.5,84.849098,2492
2044218.75,84.772736,2493
2044172.875,84.696442,2494
2044145.75,84.620216,2495
2044112.5,84.54406,2496
2044107.875,84.467972,2497
2044080.625,84.391953,2498
2044134.875,84.316002,2499
2044111,84.24012,2500
2044045.5,84.164307,2501
2043937.625,84.088562,2502
2043929.625,84.012886,2503
2043903.5,83.937279,2504
2043881.375,83.86174,2505
2043861.5,83.78627,2506
2043814.625,83.710861,2507
2043824.625,83.635521,2508
2043652.25,83.560249,2509
2043637.625,83.485046,2510
2043637.5,83.409912,2511
2043754.75,83.334846,2512
2043721.75,83.25985,2513
2043628,83.184921,2514
2043691.25,83.110054,2515
2043648.875,83.035255,2516
2043570.625,82.960526,2517
2043571.5,82.885864,2518
2043536.625,82.811272,2519
2043498.625,82.736748,2520
2043489.875,82.662285,2521
2043429.5,82.587891,2522
2043493.375,82.513565,2523
2043477.5,82.439308,2524
2043463.75,82.365112,2525
2043434.5,82.290985,2526
2043382.75,82.216927,2527
2043276.875,82.142937,2528
2043415,82.069008,2529
2043399.75,81.995148,2530
2043366.875,81.921356,2531
2043323.375,81.847626,2532
2043276.875,81.773964,2533
2043606.75,81.700371,2534
2043573.875,81.626846,2535
2043508.75,81.553383,2536
2043352.25,81.479988,2537
2043259.875,81.406662,2538
2043227.25,81.333397,2539
2043237.25,81.260201,2540
2043223.375,81.187065,2541
2043071.5,81.113998,2542
2043234.75,81.041,2543
2043178.375,80.968063,2544
2043173.125,80.895195,2545
2042967.75,80.822395,2546
2042939.625,80.749657,2547
2043043.375,80.676987,2548
2042908.25,80.604378,2549
2042927.625,80.531837,2550
2042870.875,80.459358,2551
2042855.75,80.386948,2552
2042857.25,80.314598,2553
2042810.625,80.242317,2554
2042797.375,80.170105,2555
2042797.375,80.097954,2556
2042785.5,80.025871,2557
2042757.5,79.95385,2558
2042738.25,79.881897,2559
2042722.5,79.810005,2560
2042704.125,79.738182,2561
2042659.75,79.66642,2562
2042654,79.594719,2563
2042606.875,79.523087,2564
2042597.625,79.451515,2565
2042593.125,79.380013,2566
2042563.75,79.308571,2567
2042410.875,79.237198,2568
2042393.875,79.165886,2569
2042198.875,79.094643,2570
2042189.75,79.02346,2571
2042180.75,78.952339,2572
2042457.125,78.881287,2573
2042162.25,78.810295,2574
2042159.375,78.739365,2575
2042149.5,78.668503,2576
2042117.5,78.597702,2577
2042075.125,78.52697,2578
2042050,78.456299,2579
2042036.5,78.385689,2580
2041985.25,78.315147,2581
2041976.5,78.244667,2582
2042058.25,78.174248,2583
2042051,78.103889,2584
2042004.875,78.0336,2585
2041927.75,77.963371,2586
2041838.625,77.893204,2587
2041783,77.823105,2588
2041797.625,77.753067,2589
2041818.375,77.68309,2590
2041772,77.613174,2591
2041681.25,77.543327,2592
2041694.5,77.473541,2593
2041760.5,77.403816,2594
2041741.625,77.334152,2595
2041739.375,77.264557,2596
2041708.25,77.195023,2597
2041596.75,77.125549,2598
2041585.625,77.056137,2599
2041561.625,76.986786,2600
2041539.25,76.917503,2601
2041573.75,76.848282,2602
2041567.75,76.779121,2603
2041540.875,76.710022,2604
2041527.625,76.640984,2605
2041511.875,76.572006,2606
2041486.125,76.50309,2607
2041439.25,76.434242,2608
2041395.25,76.365456,2609
2041363.75,76.29673,2610
2041341.875,76.228065,2611
2041311,76.159462,2612
2041267.875,76.090919,2613
2041253.875,76.022438,2614
2041238.625,75.954018,2615
2041241.75,75.885658,2616
2041174.375,75.81736,2617
2041154.75,75.74913,2618
2041138.625,75.680962,2619
2041276.125,75.612854,2620
2041268.125,75.544807,2621
2041221.125,75.476822,2622
2041196.375,75.408897,2623
2041131.75,75.341034,2624
2040886.625,75.273232,2625
2040850.375,75.20549,2626
2040771.125,75.13781,2627
2040756.5,75.07019,2628
2040722.625,75.002632,2629
2040695.25,74.935135,2630
2040647.375,74.867699,2631
2040647.75,74.800323,2632
2040585.875,74.733002,2633
2040660.75,74.665741,2634
2040644.75,74.598541,2635
2040588,74.531403,2636
2040542.875,74.464325,2637
2040573.125,74.397308,2638
2040559.375,74.330353,2639
2040550.75,74.263458,2640
2040531.25,74.196625,2641
2040506.5,74.129852,2642
2040487,74.063141,2643
2040467.625,73.996483,2644
2040513,73.929886,2645
2040469.25,73.86335,2646
2040443.75,73.796875,2647
2040402.5,73.730461,2648
2040424.25,73.664108,2649
2040467.625,73.597816,2650
2040452.25,73.531578,2651
2040423.25,73.465401,2652
2040369.875,73.399284,2653
2040367.375,73.333229,2654
2040296.875,73.267235,2655
2040438.75,73.201294,2656
2040409.875,73.135414,2657
2040345.75,73.069595,2658
2040349.375,73.003838,2659
2040193.125,72.938133,2660
2040174.875,72.87249,2661
2040127.125,72.806908,2662
2040128.875,72.741386,2663
2040138.375,72.675919,2664
2040139.375,72.610512,2665
2040118.25,72.545166,2666
2040101,72.479881,2667
2040088.25,72.41465,2668
2040043.875,72.34948,2669
2040017.125,72.28437,2670
2039981.375,72.219315,2671
2039949.375,72.15432,2672
2039948.75,72.089386,2673
2039914.625,72.024506,2674
2039983.5,71.959686,2675
2039919.875,71.894928,2676
2039895,71.830223,2677
2039890.875,71.765579,2678
2039866.75,71.700989,2679
2039849,71.636459,2680
2039838.875,71.571991,2681
2039793.25,71.507576,2682
2039752.75,71.443222,2683
2039694.125,71.378922,2684
2039539.875,71.314682,2685
2039522.625,71.250504,2686
2039593,71.186378,2687
2039523,71.122314,2688
2039484.5,71.058304,2689
2039469.125,70.994354,2690
2039461.625,70.930458,2691
2039452.625,70.866623,2692
2039439.375,70.802849,2693
2039396.875,70.739128,2694
2039285.375,70.675468,2695
2039330.375,70.611862,2696
2039323.625,70.548317,2697
2039308,70.484825,2698
2039254.5,70.421394,2699
2039228.875,70.358017,2700
2039300.25,70.294701,2701
2039289.125,70.231438,2702
2039265.875,70.168228,2703
2039245.375,70.10508,2704
2039147.125,70.041985,2705
2039120.125,69.978951,2706
2038935.125,69.91597,2707
2038903.75,69.85305,2708
2038863.875,69.790184,2709
2039003.625,69.727371,2710
2038909.375,69.664619,2711
2038907.625,69.601921,2712
2038913.5,69.539284,2713
2038786.25,69.4767,2714
2038820.375,69.414169,2715
2038775,69.3517,2716
2038753.25,69.289284,2717
2038727.375,69.226929,2718
2038703.25,69.164627,2719
2038692.125,69.102379,2720
2038643.5,69.040192,2721
2038647.25,68.978058,2722
2038630.5,68.915977,2723
2038628.125,68.853958,2724
2038593.875,68.791992,2725
2038670.625,68.73008,2726
2038503.375,68.668228,2727
2038449.75,68.60643,2728
2038470,68.544685,2729
2038417.125,68.482994,2730
2038391.75,68.421364,2731
2038462.875,68.359787,2732
2038427.125,68.298264,2733
2038375.25,68.236794,2734
2038427.25,68.175385,2735
2038360,68.114029,2736
2038321.875,68.052727,2737
2038300,67.991478,2738
2038293.375,67.93029,2739
2038225.75,67.869156,2740
2038205.875,67.808075,2741
2038264.875,67.747047,2742
2038113.25,67.686073,2743
2038248.375,67.62516,2744
2038220,67.564301,2745
2038214.375,67.503494,2746
2038366.75,67.442741,2747
2038360.375,67.382042,2748
2038323.375,67.321404,2749
2038232.75,67.260818,2750
2038022.75,67.200287,2751
2038154.625,67.139809,2752
2038123.625,67.079384,2753
2038100,67.019012,2754
2038073.875,66.958694,2755
2038087.375,66.89843,2756
2037957.25,66.838226,2757
2037963.75,66.778076,2758
2037962.125,66.717979,2759
2037975.125,66.657936,2760
2037970.125,66.597946,2761
2037948.75,66.53801,2762
2037915.75,66.478127,2763
2037899.25,66.418297,2764
2037833.125,66.358521,2765
2037728.125,66.298798,2766
2037694.375,66.239128,2767
2037694.625,66.179512,2768
2037674.625,66.119949,2769
2037692.375,66.06044,2770
2037672.875,66.000984,2771
2037641.75,65.941582,2772
2037621.25,65.882233,2773
2037632.625,65.822937,2774
2037570.875,65.763695,2775
2037546.75,65.704506,2776
2037603.625,65.64537,2777
2037566.25,65.586288,2778
2037581.25,65.52726,2779
2037561.625,65.468285,2780
2037691.875,65.409363,2781
2037699.375,65.350494,2782
2037664,65.291679,2783
2037646,65.232918,2784
2037528,65.17421,2785
2037493.5,65.115555,2786
2037473.125,65.056953,2787
2037380.625,64.998405,2788
2037360.375,64.939911,2789
2037353.375,64.88147,2790
2037357.5,64.823082,2791
2037331.5,64.76474,2792
2037329.75,64.706451,2793
2037307.875,64.648216,2794
2037313.125,64.590034,2795
2037285.75,64.531906,2796
2037291.75,64.473831,2797
2037237.875,64.41581,2798
2037369.375,64.357834,2799
2037351.5,64.299911,2800
2037327.125,64.242043,2801
2037285.625,64.184227,2802
2037267.625,64.126465,2803
2037221.75,64.068756,2804
2037141.375,64.011093,2805
2037070,63.953484,2806
2037034.625,63.895927,2807
2037033.125,63.838425,2808
2037006.25,63.780972,2809
2037016.75,63.723572,2810
2036995.375,63.666222,2811
2036984.5,63.608925,2812
2036967.5,63.551678,2813
2036949.625,63.494484,2814
2036931.875,63.43734,2815
2036901.5,63.380249,2816
2036882.25,63.323208,2817
2036908.625,63.26622,2818
2036698.625,63.209282,2819
2036673,63.152397,2820
2036646.25,63.095562,2821
2036647.375,63.038776,2822
2036747.875,62.982044,2823
2036717,62.925362,2824
2036822.125,62.868732,2825
2036794.375,62.812153,2826
2036535.625,62.755623,2827
2036512.75,62.699146,2828
2036473,62.642719,2829
2036589.75,62.586342,2830
2036557.75,62.530018,2831
2036516.75,62.473743,2832
2036514.625,62.417519,2833
2036495.75,62.361343,2834
2036495.875,62.305222,2835
2036481.375,62.249149,2836
2036454.875,62.193127,2837
2036505.375,62.137154,2838
2036449.75,62.08123,2839
2036438.25,62.02536,2840
2036286.75,61.96954,2841
2036309.125,61.913769,2842
2036294.875,61.858047,2843
2036273.625,61.802376,2844
2036263,61.746754,2845
2036286.375,61.691185,2846
2036254.375,61.635666,2847
2036191.125,61.580196,2848
2036232.375,61.524776,2849
2036164.75,61.469406,2850
2036142.375,61.414085,2851
2036127.75,61.358814,2852
2036121.75,61.303593,2853
2036109,61.248421,2854
2036105,61.193298,2855
2036260.75,61.138226,2856
2036257.875,61.083202,2857
2036233.375,61.028229,2858
2036219.875,60.973305,2859
2036208.25,60.91843,2860
2036179.5,60.863605,2861
2036154.75,60.80883,2862
2036138.75,60.754105,2863
2036067.125,60.699429,2864
2036068.5,60.644802,2865
2036057.25,60.590225,2866
2036034.375,60.535694,2867
2036035.5,60.481213,2868
2036045.25,60.426781,2869
2036008.5,60.372398,2870
2035982,60.318066,2871
2035968.375,60.263783,2872
2035946.375,60.209545,2873
2035929.75,60.155357,2874
2035864.75,60.101219,2875
2035975,60.047131,2876
2035970.875,59.993092,2877
2035936.75,59.939098,2878
2035919.875,59.885155,2879
2035916,59.831261,2880
2035853,59.777412,2881
2035848.75,59.723614,2882
2035880,59.669865,2883
2035835.375,59.616165,2884
2035811.625,59.562511,2885
2035744.875,59.508907,2886
2035714.5,59.455353,2887
2035813.625,59.401844,2888
2035788.875,59.348385,2889
2035768,59.294971,2890
2035755.75,59.241608,2891
2035733.125,59.188293,2892
2035717.625,59.135025,2893
2035717.375,59.081806,2894
2035683,59.028633,2895
2035650.5,58.97551,2896
2035639.625,58.922432,2897
2035504.625,58.869404,2898
2035479.25,58.816422,2899
2035539.375,58.763489,2900
2035537.25,58.710602,2901
2035511.375,58.657764,2902
2035490.25,58.604973,2903
2035491.375,58.552231,2904
2035485.5,58.499535,2905
2035506.625,58.446888,2906
2035504.625,58.394287,2907
2035489.5,58.341736,2908
2035475.625,58.28923,2909
2035486.875,58.236771,2910
2035437,58.184361,2911
2035356.875,58.131996,2912
2035341.375,58.079678,2913
2035386.25,58.027409,2914
2035368.125,57.975185,2915
2035312.5,57.923008,2916
2035367.875,57.87088,2917
2035313.375,57.818798,2918
2035315,57.766762,2919
2035259.125,57.714775,2920
2035219.5,57.662834,2921
2035184.875,57.610939,2922
2035185.5,57.55909,2923
2035223.75,57.50729,2924
2035269.875,57.455536,2925
2035249.5,57.403828,2926
2035226.5,57.352165,2927
2035209.75,57.300549,2928
2035204.5,57.248981,2929
2035194.75,57.19746,2930
2035158.75,57.145985,2931
2035140.75,57.094555,2932
2035096.875,57.043171,2933
2035097.125,56.991833,2934
2035063.625,56.94054,2935
2035066.75,56.889294,2936
2035044.5,56.838097,2937
2035011.625,56.786945,2938
2034938,56.73584,2939
2033907.125,56.68478,2940
2033896.125,56.633766,2941
2033870.875,56.582798,2942
2033858.5,56.531876,2943
2033852,56.480999,2944
2033726.5,56.430168,2945
2033706,56.379383,2946
2033702.5,56.328644,2947
2033647.875,56.27795,2948
2033628.875,56.227303,2949
2033642,56.176701,2950
2033603.875,56.126144,2951
2033593.25,56.075634,2952
2033568.375,56.025169,2953
2033559.375,55.974747,2954
2033550.625,55.92437,2955
2033546.125,55.874039,2956
2033556.25,55.823753,2957
2033572.125,55.773514,2958
2033573.875,55.72332,2959
2033665.625,55.673172,2960
2033663.625,55.623066,2961
2033679.25,55.573006,2962
2033661.25,55.522991,2963
2033657.75,55.473022,2964
2033636.75,55.4231,2965
2033609.125,55.373219,2966
2033598.5,55.323383,2967
2033579.875,55.273594,2968
2033566.625,55.22385,2969
2033578.125,55.174149,2970
2033564.125,55.124493,2971
2033546.5,55.074883,2972
2033561,55.025318,2973
2033575.25,54.975796,2974
2033550.125,54.926319,2975
2033557.75,54.876888,2976
2033571.125,54.827499,2977
2033547.625,54.778156,2978
2033529.125,54.728859,2979
2033509,54.679604,2980
2033489,54.630394,2981
2033489.75,54.581226,2982
2033508.5,54.532104,2983
2033478.625,54.483028,2984
2033449.375,54.433994,2985
2033400.25,54.385006,2986
2033384.375,54.33606,2987
2033372.625,54.287159,2988
2033355.875,54.2383,2989
2033364.875,54.189487,2990
2033361.25,54.14072,2991
2033321.75,54.091995,2992
2033316.375,54.043316,2993
2033275.25,53.994678,2994
2033266.25,53.946083,2995
2033238.875,53.897533,2996
2033240.875,53.849026,2997
2033219.375,53.800564,2998
2033202.5,53.752144,2999
2033194.625,53.70377,3000
